cityName,jobName,salary,areaDistrict,jobDegree,experience
北京,Python,"[1440, 1800]",海淀区,本科,"[1.0, 3.0]"
北京,python爬虫工程师--石景山八大处,"[400, 533]",石景山区,本科,"[5.0, 10.0]"
北京,中关村 python,"[833, 933]",海淀区,大专,"[3.0, 5.0]"
北京,Python爬虫工程师,"[500, 833]",丰台区,本科,"[3.0, 5.0]"
北京,Python Developer [上市外企],"[833, 1500]",朝阳区,学历不限,"[3.0, 5.0]"
北京,python爬虫工程师,"[500, 767]",海淀区,本科,"[3.0, 5.0]"
北京,python开发工程师,"[150, 400]",昌平区,学历不限,"[1.0, 3.0]"
北京,Python开发工程师（兼职，线上办公）,"[100, 120]",西城区,硕士,"[0, 1.0]"
北京,资深python工程师,"[300, 500]",海淀区,本科,"[3.0, 5.0]"
北京,Python爬虫工程师,"[467, 500]",海淀区,本科,"[3.0, 5.0]"
北京,高级python爬虫工程师,"[5400, 6000]",海淀区,本科,"[3.0, 5.0]"
北京,python爬虫开发工程师,"[600, 667]",昌平区,本科,"[1.0, 3.0]"
北京,Python,"[720, 780]",朝阳区,本科,"[3.0, 5.0]"
北京,兼职-python工程师,"[167, 500]",门头沟区,本科,"[1.0, 3.0]"
北京,Python爬虫工程师,"[500, 833]",朝阳区,本科,"[0, 0]"
北京,爬虫研发工程师,"[1333, 2333]",海淀区,本科,"[5.0, 10.0]"
北京,python工程师,"[500, 533]",海淀区,大专,"[1.0, 3.0]"
北京,python高级开发工程师,"[233, 300]",大兴区,学历不限,"[3.0, 5.0]"
北京,python爬虫工程师,"[333, 500]",西城区,本科,"[1.0, 3.0]"
北京,python爬虫工程师,"[333, 500]",门头沟区,本科,"[1.0, 3.0]"
北京,python爬虫开发工程师,"[500, 1000]",海淀区,本科,"[3.0, 5.0]"
北京,python后端工程师,"[500, 1000]",海淀区,本科,"[0, 0]"
北京,python,"[433, 633]",朝阳区,本科,"[3.0, 5.0]"
北京,爬虫工程师,"[667, 1333]",海淀区,本科,"[1.0, 3.0]"
北京,python算法工程师（兼职）,"[333, 367]",东城区,学历不限,"[0, 0]"
北京,爬虫数据工程师,"[500, 667]",朝阳区,本科,"[1.0, 3.0]"
北京,Python开发（熟悉vue3.0）,"[467, 800]",石景山区,本科,"[3.0, 5.0]"
北京,Python爬虫工程师,"[833, 1167]",大兴区,硕士,"[3.0, 5.0]"
北京,python爬虫开发工程师,"[333, 500]",海淀区,本科,"[1.0, 3.0]"
北京,兼职Python程序员,"[167, 333]",海淀区,学历不限,"[0, 0]"
北京,高级python开发工程师,"[767, 1500]",海淀区,大专,"[3.0, 5.0]"
北京,python测试-苏州,"[367, 433]",海淀区,大专,"[1.0, 3.0]"
北京,Python,"[233, 400]",朝阳区,学历不限,"[1.0, 3.0]"
北京,python数据清洗,"[300, 400]",西城区,本科,"[3.0, 5.0]"
北京,高级爬虫开发工程师,"[667, 1333]",海淀区,本科,"[3.0, 5.0]"
北京,爬虫工程师,"[667, 1167]",海淀区,本科,"[0, 0]"
北京,Python,"[500, 533]",丰台区,本科,"[0, 0]"
北京,【高薪入职快】python开发【驻场建行】,"[467, 667]",丰台区,本科,"[5.0, 10.0]"
北京,python,"[333, 500]",海淀区,大专,"[0, 1.0]"
北京,初级python开发工程师,"[500, 1000]",大兴区,本科,"[1.0, 3.0]"
北京,python开发,"[500, 667]",丰台区,本科,"[3.0, 5.0]"
北京,爬虫工程师助理,"[200, 367]",海淀区,本科,"[1.0, 3.0]"
北京,Python实习生,"[100, 167]",朝阳区,学历不限,"[0, 0]"
北京,Python实习生,"[133, 167]",海淀区,本科,"[0, 1.0]"
北京,python初级开发工程师,"[333, 500]",朝阳区,学历不限,"[1.0, 3.0]"
北京,Python开发工程师,"[400, 667]",通州区,大专,"[5.0, 10.0]"
北京,Python,"[500, 833]",海淀区,学历不限,"[3.0, 5.0]"
北京,高级python开发工程师,"[500, 600]",海淀区,本科,"[3.0, 5.0]"
北京,爬虫工程师,"[333, 500]",海淀区,本科,"[1.0, 3.0]"
北京,Python,"[67, 100]",海淀区,学历不限,"[0, 0]"
北京,python（模型方向）,"[233, 333]",丰台区,本科,"[3.0, 5.0]"
北京,python开发工程师,"[167, 300]",昌平区,本科,"[1.0, 3.0]"
北京,Python后端开发（百度）,"[533, 600]",海淀区,大专,"[3.0, 5.0]"
北京,Web 后端开发 Python,"[333, 500]",海淀区,大专,"[5.0, 10.0]"
北京,python开发,"[333, 500]",海淀区,本科,"[1.0, 3.0]"
北京,Python,"[267, 367]",朝阳区,大专,"[3.0, 5.0]"
北京,Python,"[133, 200]",朝阳区,本科,"[1.0, 3.0]"
北京,Python工程师,"[1000, 1667]",朝阳区,本科,"[3.0, 5.0]"
北京,python开发,"[333, 500]",昌平区,大专,"[3.0, 5.0]"
北京,python开发（联想外包）,"[467, 600]",海淀区,本科,"[3.0, 5.0]"
北京,python后端开发工程师,"[400, 600]",朝阳区,本科,"[1.0, 3.0]"
北京,python,"[300, 433]",海淀区,大专,"[1.0, 3.0]"
北京,Python,"[367, 733]",朝阳区,本科,"[0, 0]"
北京,python,"[367, 600]",朝阳区,本科,"[1.0, 3.0]"
北京,中级python开发工程师,"[233, 400]",昌平区,本科,"[3.0, 5.0]"
北京,python后端,"[333, 500]",朝阳区,本科,"[1.0, 3.0]"
北京,python工程师（初/中/高）,"[667, 1333]",朝阳区,大专,"[0, 0]"
北京,python开发,"[500, 833]",西城区,本科,"[3.0, 5.0]"
北京,Python Event-sourcing 后端工程师,"[500, 1000]",朝阳区,本科,"[1.0, 3.0]"
北京,Python（GO/C语言）,"[367, 433]",西城区,大专,"[3.0, 5.0]"
北京,python后台开发工程师,"[267, 433]",朝阳区,本科,"[3.0, 5.0]"
北京,Python工程师,"[500, 1000]",海淀区,本科,"[0, 0]"
北京,python开发,"[367, 400]",朝阳区,大专,"[1.0, 3.0]"
北京,python,"[333, 500]",朝阳区,本科,"[3.0, 5.0]"
北京,Python,"[200, 300]",海淀区,本科,"[1.0, 3.0]"
北京,python,"[333, 500]",怀柔区,本科,"[3.0, 5.0]"
北京,Python技术总监,"[500, 1000]",海淀区,本科,"[3.0, 5.0]"
北京,python开发,"[367, 600]",昌平区,大专,"[1.0, 3.0]"
北京,Python开发工程师,"[433, 600]",海淀区,本科,"[3.0, 5.0]"
北京,数据算法工程师（Python工具）,"[533, 600]",丰台区,本科,"[3.0, 5.0]"
北京,Python,"[433, 533]",海淀区,本科,"[3.0, 5.0]"
北京,python开发工程师,"[300, 467]",海淀区,本科,"[0, 0]"
北京,Python开发工程师,"[233, 267]",顺义区,学历不限,"[0, 0]"
北京,python,"[333, 367]",西城区,大专,"[1.0, 3.0]"
北京,Python  Web  开发工程师,"[500, 833]",海淀区,本科,"[3.0, 5.0]"
北京,Python,"[233, 300]",西城区,本科,"[1.0, 3.0]"
北京,python高级开发工程师,"[667, 833]",朝阳区,本科,"[3.0, 5.0]"
北京,python,"[333, 467]",大兴区,本科,"[3.0, 5.0]"
北京,python开发工程师,"[233, 400]",朝阳区,学历不限,"[3.0, 5.0]"
北京,Python工程师,"[500, 533]",海淀区,大专,"[3.0, 5.0]"
北京,Python开发（文生图，AIGC方向）,"[667, 1167]",昌平区,本科,"[3.0, 5.0]"
北京,python算法工程师,"[500, 833]",丰台区,本科,"[3.0, 5.0]"
北京,python Ai应用开发工程师（双休+五险一金）,"[667, 1000]",朝阳区,本科,"[3.0, 5.0]"
北京,Python开发工程师,"[267, 333]",海淀区,大专,"[0, 0]"
北京,ai（python）,"[500, 1000]",朝阳区,大专,"[5.0, 10.0]"
北京,python工程师,"[267, 433]",东城区,本科,"[3.0, 5.0]"
北京,python数据分析讲师（兼职）,"[333, 500]",海淀区,本科,"[3.0, 5.0]"
北京,Python后端研发工程师,"[500, 833]",海淀区,本科,"[1.0, 3.0]"
北京,Python高级,"[567, 733]",石景山区,本科,"[3.0, 5.0]"
北京,初级python开发工程师,"[300, 467]",朝阳区,本科,"[1.0, 3.0]"
北京,Python,"[267, 333]",海淀区,本科,"[0, 0]"
北京,Python,"[500, 667]",朝阳区,本科,"[1.0, 3.0]"
北京,python开发工程师,"[233, 400]",西城区,本科,"[3.0, 5.0]"
北京,python,"[567, 600]",海淀区,大专,"[1.0, 3.0]"
北京,Python开发,"[367, 700]",海淀区,本科,"[1.0, 3.0]"
北京,北京Python,"[333, 433]",东城区,本科,"[3.0, 5.0]"
北京,python工程师,"[500, 833]",朝阳区,本科,"[3.0, 5.0]"
北京,python开发工程师,"[600, 833]",朝阳区,本科,"[3.0, 5.0]"
北京,岩土工程/Python开发/,"[200, 367]",朝阳区,本科,"[1.0, 3.0]"
北京,python web后端工程师,"[333, 400]",大兴区,大专,"[1.0, 3.0]"
北京,数据开发工程师 Python,"[1000, 2000]",海淀区,本科,"[1.0, 3.0]"
北京,python工程师,"[400, 600]",朝阳区,本科,"[1.0, 3.0]"
北京,Python 开发工程师,"[500, 1000]",海淀区,本科,"[1.0, 3.0]"
北京,python开发工程师,"[567, 667]",丰台区,大专,"[5.0, 10.0]"
北京,python工程师,"[400, 667]",丰台区,大专,"[3.0, 5.0]"
北京,python少儿编程讲师,"[333, 500]",朝阳区,本科,"[0, 0]"
北京,python工程师,"[300, 467]",朝阳区,本科,"[1.0, 3.0]"
北京,python后端,"[833, 1333]",朝阳区,本科,"[3.0, 5.0]"
北京,Python开发工程师,"[500, 1000]",朝阳区,本科,"[3.0, 5.0]"
北京,Python开发工程师,"[500, 833]",通州区,本科,"[3.0, 5.0]"
北京,Python,"[667, 1000]",朝阳区,本科,"[3.0, 5.0]"
北京,Python讲师,"[333, 500]",房山区,本科,"[0, 1.0]"
北京,python工程师,"[667, 1000]",石景山区,本科,"[3.0, 5.0]"
北京,python,"[667, 1333]",海淀区,本科,"[0, 0]"
北京,python工程师,"[400, 733]",海淀区,本科,"[1.0, 3.0]"
北京,python开发,"[367, 400]",西城区,本科,"[1.0, 3.0]"
北京,Python,"[600, 1000]",朝阳区,本科,"[1.0, 3.0]"
北京,Python,"[400, 667]",丰台区,本科,"[3.0, 5.0]"
北京,初级python开发工程师,"[333, 500]",顺义区,本科,"[1.0, 3.0]"
北京,python研发,"[433, 667]",西城区,本科,"[3.0, 5.0]"
北京,Python开发工程师,"[400, 800]",朝阳区,本科,"[1.0, 3.0]"
北京,Python工程师,"[300, 467]",海淀区,本科,"[1.0, 3.0]"
北京,python开发工程师,"[600, 733]",朝阳区,本科,"[5.0, 10.0]"
北京,python开发-数据处理,"[233, 367]",海淀区,本科,"[3.0, 5.0]"
北京,C++ python,"[333, 433]",朝阳区,本科,"[1.0, 3.0]"
北京,python高级工程师,"[267, 333]",大兴区,大专,"[3.0, 5.0]"
北京,初级python开发工程师,"[233, 300]",朝阳区,本科,"[1.0, 3.0]"
北京,Python,"[233, 400]",朝阳区,本科,"[1.0, 3.0]"
北京,高级Python开发工程师（财税业务）,"[833, 1167]",海淀区,本科,"[5.0, 10.0]"
北京,python开发,"[400, 800]",海淀区,本科,"[0, 0]"
北京,Python后端开发,"[300, 467]",海淀区,本科,"[0, 0]"
北京,python开发工程师,"[367, 667]",丰台区,大专,"[1.0, 3.0]"
北京,Python,"[667, 833]",通州区,本科,"[3.0, 5.0]"
北京,Python,"[333, 500]",海淀区,本科,"[1.0, 3.0]"
北京,Python技术总监,"[500, 1000]",海淀区,本科,"[3.0, 5.0]"
北京,python工程师,"[333, 500]",海淀区,本科,"[1.0, 3.0]"
北京,Python教师,"[500, 667]",海淀区,本科,"[1.0, 3.0]"
北京,Python运维开发,"[567, 800]",石景山区,本科,"[3.0, 5.0]"
北京,python工程师,"[500, 833]",丰台区,本科,"[1.0, 3.0]"
北京,Python开发工程师,"[500, 1000]",朝阳区,本科,"[5.0, 10.0]"
北京,Python,"[500, 667]",海淀区,本科,"[0, 0]"
北京,Python后端及Go微服务,"[333, 500]",海淀区,本科,"[3.0, 5.0]"
北京,Python,"[233, 400]",朝阳区,本科,"[1.0, 3.0]"
北京,中级python开发工程师,"[400, 633]",朝阳区,本科,"[3.0, 5.0]"
北京,python主讲老师,"[667, 1000]",海淀区,本科,"[5.0, 10.0]"
北京,python工程师,"[333, 400]",西城区,大专,"[3.0, 5.0]"
北京,python开发工程师,"[333, 500]",海淀区,本科,"[1.0, 3.0]"
北京,高级python开发工程师,"[667, 833]",海淀区,本科,"[1.0, 3.0]"
北京,Python-驻场【华夏理财】,"[700, 800]",东城区,本科,"[5.0, 10.0]"
北京,python工程师,"[500, 833]",海淀区,学历不限,"[0, 0]"
北京,中级程序员（Python）,"[200, 300]",海淀区,本科,"[0, 0]"
北京,Python（AI方向）,"[667, 1333]",海淀区,本科,"[3.0, 5.0]"
北京,中高级python开发工程师,"[667, 1167]",通州区,本科,"[5.0, 10.0]"
北京,python开发工程师,"[500, 667]",朝阳区,本科,"[0, 0]"
北京,python开发工程师,"[233, 400]",昌平区,本科,"[1.0, 3.0]"
北京,Python工程师,"[400, 667]",朝阳区,本科,"[1.0, 3.0]"
北京,python工程师,"[333, 500]",海淀区,本科,"[0, 0]"
北京,python开发工程师,"[267, 367]",东城区,本科,"[0, 0]"
北京,python开发,"[400, 500]",朝阳区,本科,"[3.0, 5.0]"
北京,Python研发工程师,"[667, 1333]",朝阳区,本科,"[3.0, 5.0]"
北京,python工程师,"[600, 833]",朝阳区,本科,"[5.0, 10.0]"
北京,Python,"[500, 833]",海淀区,硕士,"[1.0, 3.0]"
北京,python工程师,"[400, 667]",朝阳区,本科,"[1.0, 3.0]"
北京,Python开发工程师,"[400, 667]",海淀区,本科,"[0, 0]"
北京,Python,"[167, 333]",西城区,本科,"[0, 0]"
北京,python工程师,"[667, 1000]",海淀区,本科,"[3.0, 5.0]"
北京,python开发工程师,"[367, 600]",朝阳区,本科,"[3.0, 5.0]"
北京,Python后台工程师,"[667, 833]",朝阳区,本科,"[0, 0]"
北京,Python工程师,"[333, 500]",昌平区,本科,"[1.0, 3.0]"
北京,Python后端工程师,"[400, 800]",朝阳区,本科,"[1.0, 3.0]"
北京,python开发工程师,"[467, 667]",西城区,大专,"[3.0, 5.0]"
北京,python,"[500, 667]",朝阳区,本科,"[3.0, 5.0]"
北京,金牌Python讲师,"[1167, 1667]",昌平区,本科,"[3.0, 5.0]"
北京,python开发工程师,"[667, 1000]",海淀区,本科,"[5.0, 10.0]"
北京,python,"[300, 467]",朝阳区,本科,"[1.0, 3.0]"
北京,python开发工程师,"[267, 400]",朝阳区,本科,"[1.0, 3.0]"
北京,资深python开发工程师,"[667, 833]",东城区,本科,"[5.0, 10.0]"
北京,Python,"[500, 733]",大兴区,本科,"[1.0, 3.0]"
北京,python开发工程师,"[267, 433]",东城区,本科,"[0, 0]"
北京,C++/Python工程技术岗,"[667, 1333]",海淀区,硕士,"[3.0, 5.0]"
北京,Python开发工程师,"[567, 833]",海淀区,本科,"[3.0, 5.0]"
北京,python开发工程师,"[500, 833]",海淀区,本科,"[3.0, 5.0]"
北京,python后端开发,"[1167, 2167]",朝阳区,本科,"[3.0, 5.0]"
北京,python中级工程师,"[400, 600]",丰台区,本科,"[3.0, 5.0]"
北京,python开发工程师,"[333, 400]",东城区,本科,"[1.0, 3.0]"
北京,python开发,"[600, 767]",朝阳区,本科,"[3.0, 5.0]"
北京,python,"[433, 500]",朝阳区,本科,"[3.0, 5.0]"
北京,Python开发（AI大模型项目）,"[667, 1167]",朝阳区,本科,"[5.0, 10.0]"
北京,python web全栈工程师,"[333, 500]",顺义区,本科,"[1.0, 3.0]"
北京,python工程师,"[667, 1167]",海淀区,本科,"[5.0, 10.0]"
北京,Python开发工程师（初/中级）,"[500, 667]",西城区,本科,"[0, 1.0]"
北京,python高级开发工程师,"[667, 1333]",昌平区,本科,"[1.0, 3.0]"
北京,Python工程师,"[500, 1000]",朝阳区,本科,"[1.0, 3.0]"
北京,python开发,"[433, 500]",昌平区,大专,"[3.0, 5.0]"
北京,Python开发工程师,"[667, 1000]",西城区,本科,"[1.0, 3.0]"
北京,Python开发工程师,"[500, 833]",朝阳区,本科,"[3.0, 5.0]"
北京,python开发工程师,"[667, 833]",朝阳区,本科,"[5.0, 10.0]"
北京,python数据工程师,"[600, 733]",朝阳区,本科,"[3.0, 5.0]"
北京,python开发工程师,"[600, 1167]",海淀区,本科,"[5.0, 10.0]"
北京,中级python开发工程师,"[267, 400]",昌平区,本科,"[3.0, 5.0]"
北京,python,"[300, 467]",昌平区,大专,"[3.0, 5.0]"
北京,Python开发工程师,"[500, 833]",朝阳区,本科,"[3.0, 5.0]"
北京,python开发工程师,"[500, 667]",石景山区,本科,"[1.0, 3.0]"
北京,python开发工程师,"[667, 1333]",海淀区,本科,"[1.0, 3.0]"
北京,Python开发工程师,"[500, 833]",通州区,本科,"[1.0, 3.0]"
上海,Python,"[333, 500]",黄浦区,学历不限,"[0, 0]"
上海,Python,"[2400, 4200]",宝山区,学历不限,"[0, 0]"
上海,兼职python程序员,"[100, 267]",青浦区,大专,"[1.0, 3.0]"
上海,python爬虫工程师（兼职）,"[100, 267]",奉贤区,学历不限,"[0, 0]"
上海,python爬虫,"[433, 600]",浦东新区,本科,"[3.0, 5.0]"
上海,python爬虫,"[667, 1000]",浦东新区,本科,"[3.0, 5.0]"
上海,Python爬虫数据清洗,"[367, 600]",徐汇区,大专,"[1.0, 3.0]"
上海,兼职Python老师,"[300, 600]",青浦区,本科,"[1.0, 3.0]"
上海,Python兼职,"[5400, 6000]",杨浦区,本科,"[5.0, 10.0]"
上海,python,"[467, 833]",浦东新区,大专,"[3.0, 5.0]"
上海,Python爬虫工程师,"[600, 1000]",杨浦区,本科,"[5.0, 10.0]"
上海,python实习生,"[133, 200]",松江区,本科,"[0, 0]"
上海,区块链Python爬虫【远程居家办公】,"[667, 1333]",浦东新区,本科,"[5.0, 10.0]"
上海,高级python爬虫工程师,"[367, 533]",浦东新区,本科,"[3.0, 5.0]"
上海,资深 Python 爬虫开发工程师,"[1000, 1333]",黄浦区,本科,"[3.0, 5.0]"
上海,交易开发python 量化实现工程师,"[1500, 2500]",浦东新区,学历不限,"[0, 0]"
上海,Python,"[433, 867]",浦东新区,本科,"[1.0, 3.0]"
上海,海外爬虫开发工程师（to B Python）,"[500, 833]",徐汇区,本科,"[1.0, 3.0]"
上海,python,"[500, 933]",浦东新区,本科,"[0, 0]"
上海,python爬虫工程师,"[300, 400]",青浦区,大专,"[1.0, 3.0]"
上海,python/scratch讲师,"[200, 367]",浦东新区,大专,"[0, 1.0]"
上海,python工程师,"[200, 400]",杨浦区,学历不限,"[0, 0]"
上海,兼职Python程序员（售前+开发+售后）拿提成,"[100, 267]",浦东新区,学历不限,"[3.0, 5.0]"
上海,python高级开发工程师,"[667, 833]",松江区,大专,"[3.0, 5.0]"
上海,对日python人员,"[567, 1000]",杨浦区,本科,"[3.0, 5.0]"
上海,Python,"[240, 6000]",奉贤区,学历不限,"[0, 1.0]"
上海,python爬虫工程师,"[500, 667]",徐汇区,本科,"[3.0, 5.0]"
上海,爬虫研发工程师,"[1333, 2333]",闵行区,本科,"[5.0, 10.0]"
上海,python开发（华为智能汽车）,"[333, 500]",浦东新区,本科,"[1.0, 3.0]"
上海,python快乐体验工程师（初级）,"[500, 1000]",浦东新区,本科,"[0, 0]"
上海,python（兼职岗位）,"[500, 833]",嘉定区,本科,"[3.0, 5.0]"
上海,Python开发工程师,"[400, 567]",嘉定区,学历不限,"[3.0, 5.0]"
上海,python,"[367, 533]",徐汇区,学历不限,"[3.0, 5.0]"
上海,Python开发（智能汽车-公积金全额-双休）,"[333, 500]",浦东新区,本科,"[0, 0]"
上海,python开发,"[67, 133]",静安区,学历不限,"[0, 0]"
上海,Python 高级工程师（AIGC方向，非外包）,"[333, 500]",普陀区,本科,"[3.0, 5.0]"
上海,Python深度学习,"[840, 1800]",嘉定区,硕士,"[1.0, 3.0]"
上海,python开发工程师,"[567, 667]",杨浦区,大专,"[3.0, 5.0]"
上海,Python开发工程师,"[333, 500]",黄浦区,学历不限,"[1.0, 3.0]"
上海,逆向开发工程师Python,"[400, 667]",闵行区,本科,"[1.0, 3.0]"
上海,爬虫工程师（实习）,"[133, 200]",浦东新区,本科,"[1.0, 3.0]"
上海,Python工程师,"[333, 500]",浦东新区,大专,"[1.0, 3.0]"
上海,python讲师,"[100, 400]",浦东新区,本科,"[0, 1.0]"
上海,python,"[233, 400]",闵行区,大专,"[1.0, 3.0]"
上海,Python 开发工程师,"[300, 467]",青浦区,学历不限,"[3.0, 5.0]"
上海,Python工程师,"[367, 500]",金山区,大专,"[1.0, 3.0]"
上海,高级数据库工程师（Python）,"[467, 667]",闵行区,大专,"[5.0, 10.0]"
上海,python讲师,"[500, 833]",徐汇区,学历不限,"[0, 0]"
上海,爬虫清洗工程师,"[200, 333]",闵行区,本科,"[0, 1.0]"
上海,python编程老师,"[333, 500]",静安区,本科,"[0, 0]"
上海,Python开发工程师,"[333, 500]",青浦区,大专,"[3.0, 5.0]"
上海,python开发工程师,"[500, 600]",浦东新区,大专,"[5.0, 10.0]"
上海,python高级开发工程师,"[500, 533]",长宁区,大专,"[3.0, 5.0]"
上海,兼职python量化老师,"[133, 200]",虹口区,大专,"[3.0, 5.0]"
上海,Python,"[167, 333]",闵行区,本科,"[1.0, 3.0]"
上海,Python,"[500, 667]",静安区,大专,"[3.0, 5.0]"
上海,Python,"[500, 667]",静安区,本科,"[0, 0]"
上海,python自动化,"[300, 333]",静安区,学历不限,"[3.0, 5.0]"
上海,Python开发工程师,"[433, 600]",浦东新区,本科,"[0, 0]"
上海,Python后端开发工程师,"[667, 1333]",浦东新区,本科,"[1.0, 3.0]"
上海,Python开发工程师,"[333, 500]",浦东新区,大专,"[3.0, 5.0]"
上海,python开发后端,"[267, 433]",宝山区,大专,"[1.0, 3.0]"
上海,Python脚本开发工程师,"[333, 500]",闵行区,大专,"[3.0, 5.0]"
上海,爬虫软件开发实习生,"[133, 167]",浦东新区,硕士,"[0, 0]"
上海,对日python开发,"[267, 433]",徐汇区,学历不限,"[0, 0]"
上海,兼职Python（隐私计算）,"[333, 500]",长宁区,硕士,"[0, 0]"
上海,Python,"[333, 500]",嘉定区,本科,"[1.0, 3.0]"
上海,Python开发工程师,"[667, 1333]",杨浦区,本科,"[1.0, 3.0]"
上海,高级python开发工程师,"[833, 1333]",闵行区,本科,"[5.0, 10.0]"
上海,python 开发 （NLP方向）,"[400, 500]",杨浦区,本科,"[0, 1.0]"
上海,Python数据开发工程师,"[500, 833]",浦东新区,本科,"[1.0, 3.0]"
上海,python工程师,"[533, 1000]",静安区,本科,"[1.0, 3.0]"
上海,Consulting Software Engineer (Python),"[1000, 1333]",长宁区,本科,"[5.0, 10.0]"
上海,python开发（RPA）,"[300, 367]",浦东新区,本科,"[1.0, 3.0]"
上海,python研发工程师,"[600, 667]",宝山区,本科,"[1.0, 3.0]"
上海,python C＋＋少儿编程老师,"[367, 600]",青浦区,本科,"[3.0, 5.0]"
上海,Python工程师 · AIGC方向,"[400, 800]",黄浦区,本科,"[0, 1.0]"
上海,python开发,"[833, 1167]",浦东新区,本科,"[1.0, 3.0]"
上海,python高级开发工程师,"[133, 300]",浦东新区,本科,"[1.0, 3.0]"
上海,python后端开发,"[667, 833]",浦东新区,本科,"[1.0, 3.0]"
上海,python开发工程师,"[267, 433]",浦东新区,大专,"[1.0, 3.0]"
上海,python工程师,"[500, 667]",静安区,本科,"[0, 0]"
上海,Python 开发工程师,"[500, 1000]",杨浦区,本科,"[3.0, 5.0]"
上海,交易结算（python）,"[333, 500]",徐汇区,本科,"[1.0, 3.0]"
上海,Python,"[333, 500]",浦东新区,大专,"[1.0, 3.0]"
上海,Python开发工程师【外企/不加班】,"[600, 667]",浦东新区,本科,"[3.0, 5.0]"
上海,Python,"[367, 533]",闵行区,本科,"[1.0, 3.0]"
上海,高级爬虫工程师,"[667, 1000]",徐汇区,本科,"[3.0, 5.0]"
上海,Python 开发人员,"[333, 500]",浦东新区,本科,"[0, 0]"
上海,python开发工程师,"[300, 467]",闵行区,大专,"[1.0, 3.0]"
上海,python讲师,"[500, 667]",松江区,大专,"[3.0, 5.0]"
上海,python开发工程师,"[367, 733]",闵行区,大专,"[3.0, 5.0]"
上海,Python开发工程师,"[500, 1000]",浦东新区,本科,"[1.0, 3.0]"
上海,python讲师,"[367, 733]",虹口区,本科,"[1.0, 3.0]"
上海,Python,"[1000, 2000]",长宁区,本科,"[0, 0]"
上海,Python开发（AI经验 英文流利）,"[1000, 1333]",浦东新区,本科,"[3.0, 5.0]"
上海,Python web 开发工程师,"[400, 533]",浦东新区,本科,"[3.0, 5.0]"
上海,量化python工程师,"[467, 933]",虹口区,本科,"[1.0, 3.0]"
上海,python开发,"[567, 833]",长宁区,本科,"[3.0, 5.0]"
上海,Python工程师,"[500, 767]",徐汇区,本科,"[3.0, 5.0]"
上海,高级Python开发工程师,"[433, 767]",浦东新区,本科,"[3.0, 5.0]"
上海,Python工程师（大数据方向）,"[600, 933]",浦东新区,本科,"[5.0, 10.0]"
上海,Python開發工程師,"[333, 500]",松江区,本科,"[1.0, 3.0]"
上海,python开发工程师,"[400, 600]",闵行区,本科,"[3.0, 5.0]"
上海,Python Web高级开发工程师（全职或兼职）,"[333, 400]",浦东新区,本科,"[1.0, 3.0]"
上海,python软件工程师,"[333, 500]",普陀区,本科,"[3.0, 5.0]"
上海,Python,"[400, 800]",徐汇区,本科,"[1.0, 3.0]"
上海,Python开发工程师,"[467, 667]",浦东新区,大专,"[3.0, 5.0]"
上海,Python研发工程师,"[400, 667]",闵行区,大专,"[0, 0]"
上海,python工程师,"[267, 400]",长宁区,大专,"[1.0, 3.0]"
上海,Python工程师,"[267, 433]",松江区,本科,"[0, 0]"
上海,python开发工程师,"[367, 600]",浦东新区,大专,"[0, 0]"
上海,Python高级开发工程师,"[400, 533]",浦东新区,本科,"[3.0, 5.0]"
上海,python工具开发,"[833, 1167]",浦东新区,本科,"[1.0, 3.0]"
上海,python工程师,"[267, 433]",黄浦区,本科,"[1.0, 3.0]"
上海,Python开发工程师,"[267, 433]",虹口区,本科,"[1.0, 3.0]"
上海,python开发岗（运维方向）,"[500, 1000]",浦东新区,本科,"[3.0, 5.0]"
上海,Python,"[467, 933]",浦东新区,本科,"[0, 0]"
上海,python后端工程师,"[300, 467]",静安区,本科,"[0, 0]"
上海,python开发工程师,"[333, 367]",杨浦区,本科,"[1.0, 3.0]"
上海,Python数据工程师,"[333, 500]",浦东新区,本科,"[3.0, 5.0]"
上海,Python（应届生）,"[200, 367]",浦东新区,本科,"[0, 0]"
上海,python(上海，自研，16薪，线上面试）,"[500, 1000]",浦东新区,本科,"[1.0, 3.0]"
上海,Python,"[500, 833]",虹口区,本科,"[3.0, 5.0]"
上海,Python开发工程师,"[267, 400]",宝山区,大专,"[1.0, 3.0]"
上海,python开发工程师,"[667, 1333]",浦东新区,本科,"[0, 0]"
上海,高级python开发工程师,"[467, 500]",静安区,硕士,"[3.0, 5.0]"
上海,python讲师,"[333, 500]",徐汇区,本科,"[1.0, 3.0]"
上海,Python,"[500, 533]",徐汇区,本科,"[0, 0]"
上海,Python 开发工程师,"[500, 833]",徐汇区,本科,"[1.0, 3.0]"
上海,数字化工程师（Python方向）,"[233, 400]",浦东新区,本科,"[0, 1.0]"
上海,python软件工程师,"[833, 1667]",浦东新区,硕士,"[1.0, 3.0]"
上海,中级python开发工程师,"[333, 500]",嘉定区,大专,"[1.0, 3.0]"
上海,初级Python开发工程师,"[400, 533]",杨浦区,本科,"[1.0, 3.0]"
上海,python运维,"[233, 300]",闵行区,本科,"[3.0, 5.0]"
上海,python开发工程师,"[400, 500]",普陀区,本科,"[3.0, 5.0]"
上海,全栈工程师（Python）,"[367, 600]",浦东新区,本科,"[5.0, 10.0]"
上海,python,"[667, 1000]",虹口区,本科,"[3.0, 5.0]"
上海,python开发分析,"[567, 667]",长宁区,本科,"[3.0, 5.0]"
上海,高级python研发工程师,"[500, 767]",闵行区,本科,"[5.0, 10.0]"
上海,Python,"[500, 1000]",浦东新区,本科,"[0, 0]"
上海,软件工程师（python),"[300, 467]",嘉定区,本科,"[1.0, 3.0]"
上海,中级python开发工程师,"[433, 533]",黄浦区,本科,"[1.0, 3.0]"
上海,Python工程师,"[500, 667]",徐汇区,本科,"[1.0, 3.0]"
上海,python开发工程师,"[367, 733]",闵行区,本科,"[1.0, 3.0]"
上海,python开发工程师,"[500, 667]",浦东新区,大专,"[3.0, 5.0]"
上海,Python Engineer,"[833, 1000]",浦东新区,本科,"[3.0, 5.0]"
上海,python开发工程师,"[500, 1000]",闵行区,本科,"[3.0, 5.0]"
上海,python全栈工程师,"[233, 400]",嘉定区,大专,"[1.0, 3.0]"
上海,python开发（全本学信）,"[333, 500]",虹口区,本科,"[0, 0]"
上海,Python开发工程师,"[300, 467]",浦东新区,本科,"[1.0, 3.0]"
上海,Python开发工程师,"[333, 500]",浦东新区,本科,"[1.0, 3.0]"
上海,Python后端开发工程师,"[567, 833]",长宁区,本科,"[3.0, 5.0]"
上海,python开发工程师,"[667, 1333]",徐汇区,本科,"[1.0, 3.0]"
上海,软件开发工程师（Python/Java/JS/C）,"[667, 1333]",浦东新区,本科,"[0, 0]"
上海,Python高级工程师,"[400, 600]",普陀区,本科,"[3.0, 5.0]"
上海,策略开发工程师 python,"[833, 1167]",徐汇区,本科,"[3.0, 5.0]"
上海,python高级开发工程师,"[667, 1167]",浦东新区,本科,"[5.0, 10.0]"
上海,人工智能Python讲师（全职兼职都可）,"[500, 1000]",浦东新区,本科,"[3.0, 5.0]"
上海,中高级python开发工程师,"[400, 500]",黄浦区,本科,"[3.0, 5.0]"
上海,高级python工程师,"[400, 500]",静安区,本科,"[3.0, 5.0]"
上海,python软件工程师,"[500, 933]",杨浦区,本科,"[0, 0]"
上海,python开发工程师,"[300, 333]",闵行区,本科,"[1.0, 3.0]"
上海,python开发工程师,"[433, 500]",黄浦区,大专,"[1.0, 3.0]"
上海,Python开发工程师,"[333, 500]",闵行区,本科,"[1.0, 3.0]"
上海,后端开发工程师python,"[733, 1167]",徐汇区,本科,"[5.0, 10.0]"
上海,python开发工程师,"[367, 500]",长宁区,大专,"[3.0, 5.0]"
上海,Python工程师,"[367, 667]",杨浦区,本科,"[3.0, 5.0]"
上海,Python开发工程师,"[333, 500]",浦东新区,大专,"[1.0, 3.0]"
上海,python开发,"[833, 1333]",徐汇区,本科,"[1.0, 3.0]"
上海,Python程序工程师,"[400, 633]",浦东新区,本科,"[1.0, 3.0]"
上海,Python开发,"[500, 600]",浦东新区,大专,"[5.0, 10.0]"
上海,Python开发工程师 ,"[500, 900]",闵行区,本科,"[0, 0]"
上海,Python 开发工程师（观测云）,"[433, 667]",浦东新区,本科,"[1.0, 3.0]"
上海,python开发工程师,"[400, 500]",徐汇区,本科,"[1.0, 3.0]"
上海,中高级python开发工程师,"[400, 567]",闵行区,本科,"[3.0, 5.0]"
上海,python工程师,"[333, 400]",静安区,本科,"[1.0, 3.0]"
上海,Python Web高级工程师,"[667, 1000]",长宁区,本科,"[3.0, 5.0]"
上海,python后端开发,"[500, 833]",浦东新区,本科,"[3.0, 5.0]"
上海,python开发,"[600, 733]",虹口区,本科,"[5.0, 10.0]"
上海,python开发工程师,"[500, 1000]",浦东新区,本科,"[1.0, 3.0]"
上海,Python开发工程师(数据处理开发方向),"[400, 667]",浦东新区,本科,"[3.0, 5.0]"
上海,python后端/算法部署,"[667, 833]",徐汇区,硕士,"[1.0, 3.0]"
上海,python开发工程师,"[400, 600]",浦东新区,本科,"[3.0, 5.0]"
上海,Python开发工程师,"[367, 733]",浦东新区,本科,"[1.0, 3.0]"
上海,python工程师,"[500, 833]",长宁区,本科,"[3.0, 5.0]"
上海,python开发工程师,"[500, 833]",徐汇区,本科,"[1.0, 3.0]"
上海,python开发,"[400, 600]",浦东新区,本科,"[1.0, 3.0]"
上海,Python开发工程师,"[333, 500]",徐汇区,本科,"[1.0, 3.0]"
上海,python,"[600, 1000]",浦东新区,本科,"[3.0, 5.0]"
上海,Python 开发工程师,"[500, 767]",浦东新区,本科,"[3.0, 5.0]"
上海,python量化开发工程师,"[867, 1167]",普陀区,本科,"[1.0, 3.0]"
上海,高级Python开发工程师,"[1000, 1167]",虹口区,硕士,"[1.0, 3.0]"
上海,Python 开发工程师 (AI 应用),"[367, 600]",徐汇区,本科,"[0, 0]"
上海,python高级开发工程师,"[500, 833]",普陀区,本科,"[0, 0]"
上海,python开发-百度,"[500, 567]",浦东新区,大专,"[3.0, 5.0]"
上海,python开发工程师,"[1000, 2000]",浦东新区,本科,"[0, 0]"
上海,python开发工程师,"[600, 733]",徐汇区,本科,"[3.0, 5.0]"
上海,Python RPA开发实施工程师,"[500, 533]",闵行区,本科,"[0, 0]"
上海,Python开发工程师,"[333, 500]",宝山区,本科,"[1.0, 3.0]"
上海,python开发工程师,"[500, 667]",闵行区,本科,"[3.0, 5.0]"
上海,Python开发,"[500, 667]",浦东新区,本科,"[3.0, 5.0]"
上海,Python后端开发工程师,"[500, 567]",浦东新区,本科,"[3.0, 5.0]"
上海,python开发工程师,"[367, 500]",闵行区,本科,"[1.0, 3.0]"
上海,Python,"[333, 500]",虹口区,本科,"[3.0, 5.0]"
上海,Python开发工程师,"[533, 767]",徐汇区,本科,"[1.0, 3.0]"
上海,后端开发Python,"[1333, 2167]",静安区,本科,"[3.0, 5.0]"
上海,中级python开发工程师,"[500, 1000]",普陀区,本科,"[3.0, 5.0]"
上海,python工程师,"[367, 667]",闵行区,本科,"[1.0, 3.0]"
上海,python自动化,"[567, 600]",浦东新区,本科,"[5.0, 10.0]"
上海,python开发工程师,"[300, 467]",浦东新区,本科,"[0, 0]"
上海,python开发工程师,"[433, 467]",徐汇区,本科,"[3.0, 5.0]"
上海,Python 后端开发工程师,"[367, 500]",徐汇区,本科,"[5.0, 10.0]"
上海,python开发,"[367, 433]",浦东新区,本科,"[1.0, 3.0]"
上海,python建模工程师,"[367, 667]",徐汇区,本科,"[3.0, 5.0]"
上海,python开发工程师,"[467, 933]",浦东新区,本科,"[1.0, 3.0]"
上海,Python量化开发工程师,"[667, 1333]",黄浦区,本科,"[1.0, 3.0]"
上海,Python测试开发工程师,"[500, 533]",徐汇区,大专,"[1.0, 3.0]"
上海,Python开发工程师,"[433, 833]",浦东新区,硕士,"[3.0, 5.0]"
上海,Python工程师,"[233, 400]",浦东新区,本科,"[1.0, 3.0]"
上海,Python开发工程师,"[333, 500]",黄浦区,大专,"[0, 0]"
上海,python工程师（公司自招）,"[400, 667]",浦东新区,本科,"[3.0, 5.0]"
上海,python开发,"[500, 567]",徐汇区,本科,"[3.0, 5.0]"
上海,高级python开发工程师,"[500, 833]",闵行区,本科,"[1.0, 3.0]"
上海,python开发,"[267, 400]",宝山区,本科,"[0, 0]"
上海,python后端,"[333, 400]",虹口区,本科,"[1.0, 3.0]"
上海,python开发工程师,"[667, 1333]",徐汇区,本科,"[3.0, 5.0]"
上海,Python开发工程师,"[400, 500]",闵行区,本科,"[3.0, 5.0]"
上海,python开发工程师,"[400, 500]",虹口区,本科,"[1.0, 3.0]"
上海,python工程师(A01826),"[500, 767]",长宁区,本科,"[3.0, 5.0]"
上海,Python开发工程师,"[467, 933]",浦东新区,本科,"[3.0, 5.0]"
上海,python量化开发工程师,"[500, 1000]",杨浦区,本科,"[3.0, 5.0]"
上海,Python开发工程师,"[33, 67]",浦东新区,本科,"[3.0, 5.0]"
上海,Python开发工程师,"[433, 600]",闵行区,本科,"[1.0, 3.0]"
上海,Python,"[833, 1167]",徐汇区,本科,"[3.0, 5.0]"
上海,Python开发工程师,"[367, 500]",闵行区,本科,"[0, 0]"
深圳,"来前后端全类目包括不限Python,Java,C,爬虫","[5400, 6000]",罗湖区,学历不限,"[0, 0]"
深圳,Python/爬虫数据（全/兼职）,"[333, 500]",龙岗区,大专,"[1.0, 3.0]"
深圳,业余兼职，在家办公，python兼职,"[420, 480]",龙华区,学历不限,"[0, 0]"
深圳,python爬虫工程师（兼职）,"[167, 333]",福田区,学历不限,"[0, 0]"
深圳,Python,"[2400, 4200]",南山区,学历不限,"[0, 0]"
深圳,Python,"[667, 833]",龙华区,学历不限,"[0, 0]"
深圳,高级python爬虫工程师,"[433, 567]",龙岗区,本科,"[3.0, 5.0]"
深圳,Python爬虫大数据工程师,"[167, 200]",龙华区,大专,"[0, 0]"
深圳,python爬虫,"[433, 800]",龙岗区,本科,"[3.0, 5.0]"
深圳,Python,"[200, 233]",龙华区,学历不限,"[0, 0]"
深圳,python,"[840, 900]",宝安区,大专,"[1.0, 3.0]"
深圳,Python开发中级 双休 全额公积金,"[333, 500]",龙岗区,本科,"[1.0, 3.0]"
深圳,Python数据爬虫工程师,"[433, 667]",南山区,本科,"[3.0, 5.0]"
深圳,大数据爬虫工程师,"[267, 333]",宝安区,大专,"[0, 1.0]"
深圳,python爬虫工程师,"[400, 667]",南山区,学历不限,"[5.0, 10.0]"
深圳,【可兼职】高级python爬虫工程师,"[500, 1000]",龙岗区,学历不限,"[3.0, 5.0]"
深圳,Python开发工程师（区块链项目）,"[233, 400]",宝安区,学历不限,"[0, 0]"
深圳,python爬虫开发工程师,"[500, 833]",南山区,大专,"[3.0, 5.0]"
深圳,python爬虫工程师,"[267, 433]",宝安区,学历不限,"[3.0, 5.0]"
深圳,Python,"[167, 333]",龙岗区,大专,"[0, 0]"
深圳,高级python爬虫工程师,"[267, 400]",宝安区,大专,"[5.0, 10.0]"
深圳,高级python爬虫工程师,"[840, 1440]",龙岗区,学历不限,"[0, 0]"
深圳,python,"[167, 500]",宝安区,学历不限,"[5.0, 10.0]"
深圳,python爬虫方向,"[500, 633]",光明区,大专,"[3.0, 5.0]"
深圳,高级python爬虫工程师,"[667, 1000]",宝安区,本科,"[3.0, 5.0]"
深圳,Python,"[5400, 6000]",南山区,大专,"[0, 0]"
深圳,python开发,"[100, 200]",南山区,大专,"[0, 0]"
深圳,区块链Python爬虫,"[833, 1333]",福田区,本科,"[5.0, 10.0]"
深圳,python爬虫开发工程师,"[333, 500]",南山区,本科,"[1.0, 3.0]"
深圳,深圳：python技术员,"[200, 367]",龙华区,大专,"[1.0, 3.0]"
深圳,python爬虫工程师（双休）,"[533, 800]",龙岗区,本科,"[3.0, 5.0]"
深圳,Python,"[267, 433]",龙岗区,本科,"[0, 0]"
深圳,高级Python工程师,"[600, 800]",南山区,本科,"[5.0, 10.0]"
深圳,Python,"[60, 780]",福田区,本科,"[3.0, 5.0]"
深圳,Python,"[200, 367]",宝安区,学历不限,"[0, 1.0]"
深圳,python后端开发工程师,"[167, 200]",宝安区,大专,"[0, 1.0]"
深圳,Python爬虫工程师,"[667, 1000]",南山区,本科,"[3.0, 5.0]"
深圳,python分析师,"[600, 633]",龙华区,本科,"[1.0, 3.0]"
深圳,Python爬虫工程师,"[333, 500]",宝安区,本科,"[1.0, 3.0]"
深圳,python程序员,"[200, 367]",南山区,本科,"[0, 0]"
深圳,高级爬虫开发工程师,"[433, 833]",南山区,大专,"[3.0, 5.0]"
深圳,python开发（金融行业+稳定）,"[533, 600]",南山区,大专,"[3.0, 5.0]"
深圳,python开发工程师/爬虫工程师,"[400, 600]",宝安区,本科,"[3.0, 5.0]"
深圳,爬虫工程师,"[433, 567]",龙华区,本科,"[3.0, 5.0]"
深圳,python 初级工程师（可接受实习生）,"[200, 367]",龙华区,本科,"[0, 0]"
深圳,python讲师,"[500, 1000]",罗湖区,学历不限,"[0, 0]"
深圳,python/java/c开发,"[500, 1000]",龙岗区,本科,"[0, 0]"
深圳,爬虫工程师,"[667, 1000]",龙华区,本科,"[5.0, 10.0]"
深圳,Python,"[233, 400]",南山区,学历不限,"[3.0, 5.0]"
深圳,python工程师,"[167, 233]",宝安区,学历不限,"[0, 0]"
深圳,Python编程老师,"[333, 500]",福田区,本科,"[1.0, 3.0]"
深圳,爬虫工程师,"[400, 667]",龙岗区,本科,"[1.0, 3.0]"
深圳,python MySQL工程师,"[100, 233]",龙岗区,本科,"[0, 0]"
深圳,python工程师（RPA+AI）,"[600, 933]",罗湖区,本科,"[5.0, 10.0]"
深圳,python高级开发工程师,"[367, 667]",龙华区,本科,"[5.0, 10.0]"
深圳,Python,"[500, 533]",龙岗区,学历不限,"[1.0, 3.0]"
深圳,python 工程师,"[600, 720]",龙华区,本科,"[3.0, 5.0]"
深圳,python讲师,"[233, 367]",宝安区,大专,"[1.0, 3.0]"
深圳,python开发,"[167, 233]",宝安区,学历不限,"[0, 0]"
深圳,中级python开发工程师,"[467, 567]",龙岗区,大专,"[3.0, 5.0]"
深圳,python开发工程师,"[333, 400]",龙岗区,学历不限,"[0, 1.0]"
深圳,python后端开发（web),"[333, 500]",龙华区,本科,"[1.0, 3.0]"
深圳,爬虫工程师（自研项目）,"[333, 500]",南山区,本科,"[1.0, 3.0]"
深圳,python开发工程师,"[333, 467]",龙岗区,大专,"[3.0, 5.0]"
深圳,python开发工程师（双休）,"[500, 667]",罗湖区,本科,"[5.0, 10.0]"
深圳,python开发工程师,"[433, 567]",宝安区,大专,"[3.0, 5.0]"
深圳,Python 全栈工程师,"[667, 1000]",福田区,本科,"[0, 0]"
深圳,python后端开发,"[667, 1333]",龙岗区,本科,"[1.0, 3.0]"
深圳,Python（线上面试+双休）,"[367, 533]",福田区,本科,"[1.0, 3.0]"
深圳,Python爬虫工程师,"[233, 400]",南山区,本科,"[1.0, 3.0]"
深圳,python后端开发工程师（双休）,"[233, 300]",龙岗区,大专,"[0, 0]"
深圳,爬虫工程师,"[500, 667]",福田区,本科,"[3.0, 5.0]"
深圳,Python,"[333, 500]",福田区,学历不限,"[0, 0]"
深圳,python开发,"[467, 667]",罗湖区,学历不限,"[1.0, 3.0]"
深圳,python开发,"[467, 567]",福田区,大专,"[3.0, 5.0]"
深圳,急招Python工程师,"[400, 600]",龙岗区,大专,"[3.0, 5.0]"
深圳,python高级开发工程师,"[400, 433]",龙华区,大专,"[3.0, 5.0]"
深圳,python开发+双休+线上面试+流程快速,"[367, 667]",龙岗区,本科,"[3.0, 5.0]"
深圳,python开发工程师,"[200, 267]",龙岗区,大专,"[1.0, 3.0]"
深圳,Python开发（双休+平安项目）,"[467, 500]",南山区,大专,"[3.0, 5.0]"
深圳,python工程师,"[400, 767]",南山区,大专,"[3.0, 5.0]"
深圳,Python工程师（全栈）,"[367, 533]",福田区,大专,"[3.0, 5.0]"
深圳,Python,"[400, 667]",南山区,大专,"[3.0, 5.0]"
深圳,python后端开发工程师,"[500, 833]",南山区,大专,"[3.0, 5.0]"
深圳,python,"[400, 500]",南山区,大专,"[3.0, 5.0]"
深圳,python,"[400, 800]",南山区,本科,"[3.0, 5.0]"
深圳,python,"[267, 433]",宝安区,大专,"[1.0, 3.0]"
深圳,Python开发工程师,"[167, 333]",福田区,中专/中技,"[0, 1.0]"
深圳,python全栈工程师,"[267, 433]",罗湖区,大专,"[1.0, 3.0]"
深圳,Python客户端开发工程师,"[400, 733]",南山区,本科,"[5.0, 10.0]"
深圳,python高级开发工程师,"[500, 667]",罗湖区,大专,"[1.0, 3.0]"
深圳,Python工程师（技术支持岗）,"[200, 367]",龙华区,本科,"[1.0, 3.0]"
深圳,Python,"[667, 1333]",南山区,大专,"[3.0, 5.0]"
深圳,python开发工程师,"[333, 500]",龙岗区,学历不限,"[1.0, 3.0]"
深圳,python高级工程师,"[167, 233]",福田区,大专,"[1.0, 3.0]"
深圳,python后端开发,"[333, 500]",南山区,本科,"[3.0, 5.0]"
深圳,Python(QT)工程师,"[433, 600]",龙华区,大专,"[3.0, 5.0]"
深圳,python工程师,"[500, 833]",南山区,大专,"[3.0, 5.0]"
深圳,Python AI开发工程师,"[400, 667]",南山区,本科,"[0, 0]"
深圳,python软件工程师,"[500, 667]",龙华区,大专,"[1.0, 3.0]"
深圳,python,"[467, 933]",龙岗区,本科,"[0, 0]"
深圳,Python,"[500, 667]",南山区,本科,"[1.0, 3.0]"
深圳,python开发,"[333, 500]",龙华区,大专,"[3.0, 5.0]"
深圳,Python web开发工程师,"[333, 433]",罗湖区,本科,"[0, 1.0]"
深圳,python数据开发工程师,"[367, 667]",福田区,本科,"[1.0, 3.0]"
深圳,Python和Web工程师,"[200, 267]",盐田区,学历不限,"[0, 0]"
深圳,python开发（证券行业）,"[600, 667]",福田区,本科,"[3.0, 5.0]"
深圳,python开发工程师，接受应届,"[500, 1000]",龙岗区,本科,"[0, 0]"
深圳,python   线上面试 急招 面试简单,"[333, 433]",南山区,大专,"[3.0, 5.0]"
深圳,Python讲师 （少儿编程培训机构）,"[233, 333]",龙华区,本科,"[1.0, 3.0]"
深圳,python,"[833, 1667]",南山区,本科,"[3.0, 5.0]"
深圳,招聘Python老师,"[167, 300]",宝安区,大专,"[1.0, 3.0]"
深圳,python后端开发工程师,"[500, 1000]",南山区,本科,"[0, 0]"
深圳,Python高级开发工程师,"[567, 833]",宝安区,大专,"[3.0, 5.0]"
深圳,Python开发工程师,"[567, 833]",南山区,学历不限,"[3.0, 5.0]"
深圳,Python开发工程师 （Base 深圳）,"[400, 600]",龙岗区,本科,"[1.0, 3.0]"
深圳,Python 软件开,"[333, 500]",南山区,本科,"[5.0, 10.0]"
深圳,Python技术员,"[267, 333]",福田区,本科,"[0, 0]"
深圳,python,"[367, 600]",福田区,大专,"[3.0, 5.0]"
深圳,python后端开发,"[500, 567]",福田区,本科,"[3.0, 5.0]"
深圳,Python量化工程师,"[433, 667]",宝安区,大专,"[3.0, 5.0]"
深圳,Python开发,"[267, 433]",龙岗区,大专,"[1.0, 3.0]"
深圳,Python,"[200, 233]",南山区,本科,"[0, 0]"
深圳,Python少儿编程老师,"[333, 500]",宝安区,本科,"[1.0, 3.0]"
深圳,高级python开发工程师,"[333, 500]",龙华区,本科,"[5.0, 10.0]"
深圳,Python 开发,"[333, 500]",宝安区,本科,"[1.0, 3.0]"
深圳,Python Django后端工程师-人工智能采购平台,"[667, 1333]",南山区,本科,"[5.0, 10.0]"
深圳,python开发工程师,"[500, 1000]",南山区,学历不限,"[3.0, 5.0]"
深圳,python,"[533, 567]",南山区,本科,"[3.0, 5.0]"
深圳,python开发工程师,"[333, 367]",福田区,本科,"[1.0, 3.0]"
深圳,Python+AI 开发工程师,"[833, 1167]",南山区,本科,"[3.0, 5.0]"
深圳,python研发工程师,"[267, 333]",光明区,大专,"[1.0, 3.0]"
深圳,Python开发工程师,"[400, 667]",南山区,大专,"[1.0, 3.0]"
深圳,python开发工程师,"[500, 667]",南山区,本科,"[5.0, 10.0]"
深圳,python开发工程师,"[333, 500]",南山区,本科,"[1.0, 3.0]"
深圳,Python 开发工程师,"[400, 667]",龙岗区,本科,"[0, 0]"
深圳,python工程师,"[500, 833]",南山区,本科,"[3.0, 5.0]"
深圳,Python高级软件工程师,"[667, 1333]",龙华区,本科,"[3.0, 5.0]"
深圳,python后台开发工程师,"[433, 667]",南山区,大专,"[3.0, 5.0]"
深圳,python高级开发工程师,"[500, 833]",南山区,本科,"[3.0, 5.0]"
深圳,python工程师,"[500, 633]",南山区,大专,"[3.0, 5.0]"
深圳,Python实习工程师,"[67, 167]",龙华区,本科,"[0, 1.0]"
深圳,Python开发工程师,"[400, 433]",龙华区,本科,"[1.0, 3.0]"
深圳,python,"[400, 567]",南山区,大专,"[3.0, 5.0]"
深圳,python高级工程师,"[600, 867]",南山区,大专,"[0, 0]"
深圳,高级python研发工程师,"[667, 1000]",南山区,学历不限,"[3.0, 5.0]"
深圳,python开发,"[367, 400]",南山区,本科,"[3.0, 5.0]"
深圳,python开发工程师,"[500, 833]",龙华区,本科,"[3.0, 5.0]"
深圳,python开发工程师,"[500, 833]",南山区,本科,"[5.0, 10.0]"
深圳,python工程师,"[267, 433]",福田区,大专,"[1.0, 3.0]"
深圳,python高级开发工程师,"[500, 833]",南山区,本科,"[3.0, 5.0]"
深圳,python,"[333, 500]",南山区,大专,"[3.0, 5.0]"
深圳,python开发工程师,"[367, 667]",宝安区,大专,"[5.0, 10.0]"
深圳,Python开发工程师,"[400, 800]",南山区,本科,"[0, 0]"
深圳,python工程师,"[667, 833]",南山区,本科,"[3.0, 5.0]"
深圳,python开发,"[433, 467]",福田区,本科,"[3.0, 5.0]"
深圳,python高级开发工程师,"[667, 833]",南山区,本科,"[5.0, 10.0]"
深圳,Python 偏数据开发,"[533, 667]",南山区,大专,"[3.0, 5.0]"
深圳,Python Developer-Reliability,"[1000, 1167]",南山区,本科,"[5.0, 10.0]"
深圳,Python工程师,"[500, 833]",龙岗区,本科,"[3.0, 5.0]"
深圳,Python开发工程师,"[400, 600]",龙华区,大专,"[3.0, 5.0]"
深圳,python开发工程师（平安项目）,"[367, 600]",福田区,本科,"[3.0, 5.0]"
深圳,高级python开发工程师,"[233, 400]",龙华区,本科,"[1.0, 3.0]"
深圳,python后端开发工程师,"[1000, 2000]",福田区,本科,"[1.0, 3.0]"
深圳,Digital Supply Chain Developer\Python,"[667, 833]",南山区,硕士,"[1.0, 3.0]"
深圳,python开发工程师,"[533, 733]",福田区,大专,"[3.0, 5.0]"
深圳,python（招商金科）,"[467, 500]",福田区,本科,"[1.0, 3.0]"
深圳,python,"[267, 433]",福田区,大专,"[1.0, 3.0]"
深圳,python开发,"[433, 600]",福田区,大专,"[3.0, 5.0]"
深圳,Python,"[500, 1000]",宝安区,本科,"[3.0, 5.0]"
深圳,架构/高级python,"[667, 1000]",南山区,本科,"[5.0, 10.0]"
深圳,Python工程师,"[533, 833]",南山区,本科,"[3.0, 5.0]"
深圳,python(深圳，自研，16薪，线上面试）,"[500, 1000]",龙岗区,本科,"[1.0, 3.0]"
深圳,python开发工程师,"[500, 767]",福田区,本科,"[3.0, 5.0]"
深圳,python开发,"[367, 600]",龙华区,本科,"[1.0, 3.0]"
深圳,Python后端开发工程师,"[300, 467]",龙岗区,大专,"[1.0, 3.0]"
深圳,python web后台开发,"[333, 433]",南山区,本科,"[1.0, 3.0]"
深圳,python高级开发工程师,"[1000, 1167]",南山区,本科,"[5.0, 10.0]"
深圳,python,"[333, 433]",南山区,大专,"[1.0, 3.0]"
深圳,python开发工程师,"[200, 333]",福田区,大专,"[0, 1.0]"
深圳,Python,"[500, 1000]",龙岗区,本科,"[0, 0]"
深圳,python算法工程师,"[667, 1000]",福田区,本科,"[0, 0]"
深圳,python开发工程师,"[500, 533]",福田区,本科,"[3.0, 5.0]"
深圳,python高级开发工程师,"[500, 833]",龙华区,本科,"[5.0, 10.0]"
深圳,Python开发工程师,"[500, 833]",龙岗区,本科,"[3.0, 5.0]"
深圳,python高级开发工程师,"[267, 333]",宝安区,本科,"[0, 1.0]"
深圳,Python开发工程师,"[500, 1000]",南山区,学历不限,"[0, 0]"
深圳,python开发工程师,"[500, 1000]",龙岗区,本科,"[1.0, 3.0]"
深圳,python开发工程师,"[500, 667]",南山区,本科,"[3.0, 5.0]"
深圳,python后端开发工程师,"[500, 833]",南山区,本科,"[3.0, 5.0]"
深圳,python高级开发工程师,"[833, 1167]",福田区,本科,"[3.0, 5.0]"
深圳,python  AI/RPA开发工程师,"[400, 733]",南山区,本科,"[3.0, 5.0]"
深圳,Python后端工程师-GPT,"[833, 1333]",南山区,本科,"[3.0, 5.0]"
深圳,高级python研发工程师,"[500, 667]",宝安区,本科,"[3.0, 5.0]"
深圳,python算法工程师,"[500, 833]",坪山区,本科,"[3.0, 5.0]"
深圳,Python高级开发工程师(AI项目),"[733, 1333]",福田区,本科,"[3.0, 5.0]"
深圳,Python开发+餐补（包三餐）+各项生活福利,"[600, 700]",南山区,本科,"[3.0, 5.0]"
深圳,python开发（证券假/双休）,"[500, 600]",南山区,本科,"[3.0, 5.0]"
深圳,高级python开发工程师,"[1000, 1667]",南山区,本科,"[3.0, 5.0]"
深圳,python工程师,"[400, 667]",龙岗区,大专,"[0, 0]"
深圳,python开发工程师（外包）,"[333, 433]",南山区,本科,"[1.0, 3.0]"
深圳,python,"[333, 433]",南山区,本科,"[1.0, 3.0]"
深圳,Python高级开发工程师,"[500, 833]",南山区,本科,"[5.0, 10.0]"
深圳,资深python工程师,"[500, 833]",福田区,大专,"[5.0, 10.0]"
深圳,python安全开发工程师,"[733, 1000]",福田区,本科,"[0, 0]"
深圳,python开发工程师,"[667, 1000]",南山区,本科,"[1.0, 3.0]"
深圳,python开发工程师,"[667, 1000]",南山区,本科,"[3.0, 5.0]"
深圳,Python开发工程师,"[300, 467]",南山区,本科,"[0, 0]"
深圳,python开发,"[400, 567]",南山区,大专,"[1.0, 3.0]"
深圳,Python（通信/手机）,"[333, 500]",南山区,本科,"[1.0, 3.0]"
深圳,Python 高级工程师(Odoo),"[500, 833]",宝安区,本科,"[3.0, 5.0]"
深圳,python工程师,"[267, 400]",龙岗区,本科,"[3.0, 5.0]"
深圳,python开发,"[333, 500]",福田区,本科,"[1.0, 3.0]"
深圳,Python后台开发工程师,"[600, 833]",南山区,大专,"[3.0, 5.0]"
深圳,python开发工程师,"[833, 1500]",南山区,本科,"[5.0, 10.0]"
深圳,python,"[400, 600]",福田区,本科,"[1.0, 3.0]"
深圳,python后端开发工程师,"[500, 1000]",南山区,本科,"[3.0, 5.0]"
深圳,python高级开发工程师,"[600, 667]",南山区,本科,"[3.0, 5.0]"
深圳,python,"[333, 500]",福田区,本科,"[1.0, 3.0]"
深圳,python开发,"[367, 600]",龙岗区,本科,"[1.0, 3.0]"
深圳,Python开发工程师,"[500, 667]",南山区,大专,"[3.0, 5.0]"
深圳,python高级开发工程师,"[433, 600]",南山区,本科,"[3.0, 5.0]"
深圳,python工程师,"[233, 400]",宝安区,本科,"[1.0, 3.0]"
深圳,Python 研发工程师,"[367, 600]",南山区,本科,"[1.0, 3.0]"
深圳,python开发工程师,"[500, 667]",宝安区,本科,"[3.0, 5.0]"
深圳,Odoo Python开发工程师,"[333, 500]",南山区,本科,"[3.0, 5.0]"
深圳,Python开发交付,"[367, 733]",福田区,本科,"[3.0, 5.0]"
深圳,python全栈开发工程师,"[400, 533]",宝安区,本科,"[3.0, 5.0]"
深圳,python开发,"[500, 533]",福田区,本科,"[3.0, 5.0]"
深圳,Python开发工程师,"[500, 833]",坪山区,本科,"[3.0, 5.0]"
深圳,高级python开发工程师,"[500, 1000]",南山区,本科,"[3.0, 5.0]"
深圳,高级python后端工程师,"[500, 667]",福田区,本科,"[3.0, 5.0]"
深圳,影刀RPA开发（Python）,"[200, 333]",龙岗区,本科,"[0, 0]"
深圳,Python开发工程师,"[667, 1333]",龙岗区,本科,"[3.0, 5.0]"
深圳,Python量化开发工程师,"[833, 1333]",南山区,大专,"[3.0, 5.0]"
深圳,全栈开发工程师（Python）,"[833, 1333]",南山区,本科,"[3.0, 5.0]"
深圳,python工程师,"[367, 567]",南山区,本科,"[3.0, 5.0]"
深圳,python程序员,"[367, 667]",福田区,本科,"[3.0, 5.0]"
深圳,python开发工程师,"[633, 833]",南山区,本科,"[1.0, 3.0]"
深圳,Python开发工程师,"[500, 667]",南山区,本科,"[1.0, 3.0]"
深圳,python后端开发,"[600, 667]",福田区,本科,"[5.0, 10.0]"
深圳,中级python开发工程师,"[400, 533]",福田区,本科,"[1.0, 3.0]"
深圳,Python开发工程师,"[667, 1000]",福田区,本科,"[3.0, 5.0]"
深圳,python开发工程师,"[433, 500]",福田区,本科,"[3.0, 5.0]"
深圳,高级python开发工程师,"[667, 1167]",南山区,本科,"[5.0, 10.0]"
深圳,python后台开发工程师,"[400, 733]",福田区,本科,"[1.0, 3.0]"
深圳,python开发工程师,"[667, 1000]",罗湖区,本科,"[3.0, 5.0]"
深圳,高级Python工程师,"[500, 667]",南山区,本科,"[5.0, 10.0]"
深圳,python开发,"[267, 400]",福田区,本科,"[1.0, 3.0]"
深圳,python高级开发工程师,"[600, 867]",福田区,本科,"[5.0, 10.0]"
深圳,python,"[400, 533]",南山区,本科,"[3.0, 5.0]"
深圳,python软件开发工程师,"[300, 467]",宝安区,本科,"[1.0, 3.0]"
深圳,python开发,"[400, 600]",南山区,本科,"[3.0, 5.0]"
深圳,高级python开发工程师,"[500, 833]",南山区,本科,"[0, 0]"
深圳,python后端开发工程师,"[500, 1000]",宝安区,本科,"[3.0, 5.0]"
杭州,python爬虫,"[433, 867]",临平区,本科,"[1.0, 3.0]"
杭州,Python兼职,"[2400, 4200]",余杭区,学历不限,"[0, 0]"
杭州,python编程老师【五险一金 就近校区沟通】,"[333, 500]",钱塘区,大专,"[1.0, 3.0]"
杭州,初级python开发工程师,"[1200, 2400]",西湖区,本科,"[0, 1.0]"
杭州,Python,"[5400, 6000]",拱墅区,本科,"[3.0, 5.0]"
杭州,爬虫工程师（北京/杭州/深圳）,"[1000, 1667]",余杭区,大专,"[3.0, 5.0]"
杭州,Python兼职,"[33, 67]",上城区,初中及以下,"[0, 0]"
杭州,python开发实习生,"[200, 300]",萧山区,本科,"[0, 0]"
杭州,[兼职]python/matlab,"[267, 400]",西湖区,大专,"[1.0, 3.0]"
杭州,python杭州 考研考公失败可，转行无经验可,"[500, 1000]",滨江区,本科,"[0, 0]"
杭州,数据爬虫工程师,"[200, 267]",萧山区,大专,"[1.0, 3.0]"
杭州,python爬虫工程师,"[367, 567]",滨江区,本科,"[3.0, 5.0]"
杭州,python爬虫开发工程师,"[367, 667]",余杭区,大专,"[3.0, 5.0]"
杭州,Python爬虫工程师-短期3个月,"[333, 367]",西湖区,大专,"[3.0, 5.0]"
杭州,Python开发（远程面试+年终奖2-4个月）,"[667, 1333]",滨江区,本科,"[0, 0]"
杭州,python爬虫工程师,"[333, 500]",滨江区,大专,"[3.0, 5.0]"
杭州,python爬虫工程师,"[267, 433]",萧山区,本科,"[1.0, 3.0]"
杭州,python爬虫工程师,"[300, 333]",余杭区,大专,"[1.0, 3.0]"
杭州,高级爬虫工程师 Python,"[533, 767]",余杭区,本科,"[3.0, 5.0]"
杭州,高级python爬虫工程师,"[667, 1333]",滨江区,本科,"[5.0, 10.0]"
杭州,初级python爬虫工程师,"[333, 467]",滨江区,本科,"[1.0, 3.0]"
杭州,python爬虫开发工程师,"[400, 800]",余杭区,本科,"[3.0, 5.0]"
杭州,Python爬虫-杭州,"[333, 500]",上城区,本科,"[3.0, 5.0]"
杭州,Python,"[100, 150]",滨江区,本科,"[3.0, 5.0]"
杭州,Python,"[433, 867]",滨江区,本科,"[1.0, 3.0]"
杭州,python工程师,"[67, 100]",拱墅区,本科,"[0, 0]"
杭州,python爬虫工程师,"[367, 667]",钱塘区,本科,"[3.0, 5.0]"
杭州,python 爬虫工程师,"[400, 667]",余杭区,本科,"[3.0, 5.0]"
杭州,python/深度学习工程师,"[240, 1800]",钱塘区,硕士,"[3.0, 5.0]"
杭州,python工程师,"[33, 100]",钱塘区,本科,"[5.0, 10.0]"
杭州,爬虫工程师,"[333, 500]",余杭区,本科,"[1.0, 3.0]"
杭州,Python,"[367, 533]",余杭区,大专,"[3.0, 5.0]"
杭州,高级python爬虫工程师,"[667, 1000]",滨江区,本科,"[3.0, 5.0]"
杭州,Python,"[33, 100]",萧山区,大专,"[0, 0]"
杭州,高级爬虫工程师,"[500, 667]",上城区,大专,"[3.0, 5.0]"
杭州,python高级开发工程师,"[333, 467]",余杭区,学历不限,"[3.0, 5.0]"
杭州,Python爬虫研发工程师,"[533, 900]",西湖区,本科,"[3.0, 5.0]"
杭州,爬虫工程师,"[333, 500]",余杭区,本科,"[1.0, 3.0]"
杭州,python高级开发工程师,"[233, 400]",余杭区,大专,"[3.0, 5.0]"
杭州,python爬虫工程师,"[500, 833]",余杭区,本科,"[5.0, 10.0]"
杭州,Python老师,"[200, 333]",西湖区,学历不限,"[1.0, 3.0]"
杭州,python开发,"[167, 300]",上城区,大专,"[1.0, 3.0]"
杭州,Python,"[480, 960]",拱墅区,本科,"[3.0, 5.0]"
杭州,中级python开发工程师,"[233, 400]",钱塘区,本科,"[1.0, 3.0]"
杭州,Python技术支持( A255427),"[267, 433]",余杭区,本科,"[1.0, 3.0]"
杭州,python高级开发工程师,"[1440, 1800]",拱墅区,本科,"[5.0, 10.0]"
杭州,python 后端/算法工程师,"[400, 800]",西湖区,本科,"[1.0, 3.0]"
杭州,Python,"[600, 660]",拱墅区,本科,"[3.0, 5.0]"
杭州,Python,"[333, 500]",余杭区,大专,"[1.0, 3.0]"
杭州,资深爬虫工程师-杭州(J17253),"[667, 1333]",西湖区,本科,"[3.0, 5.0]"
杭州,Python,"[167, 267]",滨江区,大专,"[1.0, 3.0]"
杭州,【直管】菜鸟—Python开发—杭州,"[267, 433]",余杭区,大专,"[1.0, 3.0]"
杭州,Python,"[500, 533]",滨江区,本科,"[3.0, 5.0]"
杭州,python,"[1000, 1667]",余杭区,大专,"[0, 0]"
杭州,Python开发爬虫工程师,"[400, 800]",滨江区,本科,"[1.0, 3.0]"
杭州,python高级开发工程师,"[500, 1000]",钱塘区,大专,"[3.0, 5.0]"
杭州,Python,"[500, 667]",西湖区,本科,"[3.0, 5.0]"
杭州,go/python/ts工程师,"[833, 1667]",上城区,学历不限,"[3.0, 5.0]"
杭州,Python少儿编程讲师,"[267, 400]",钱塘区,本科,"[0, 0]"
杭州,python开发工程师(爬虫),"[267, 433]",余杭区,本科,"[3.0, 5.0]"
杭州,Python,"[500, 667]",西湖区,学历不限,"[3.0, 5.0]"
杭州,爬虫开发工程师,"[300, 400]",西湖区,本科,"[1.0, 3.0]"
杭州,python讲师,"[1200, 1800]",滨江区,大专,"[0, 0]"
杭州,Python工程师,"[300, 467]",钱塘区,本科,"[1.0, 3.0]"
杭州,python老师,"[267, 433]",拱墅区,本科,"[1.0, 3.0]"
杭州,30W招Python编程教练,"[500, 1000]",西湖区,本科,"[3.0, 5.0]"
杭州,python后端工程师,"[433, 600]",萧山区,本科,"[1.0, 3.0]"
杭州,Python,"[300, 600]",西湖区,大专,"[3.0, 5.0]"
杭州,爬虫工程师,"[333, 500]",西湖区,本科,"[1.0, 3.0]"
杭州,Python开发工程师（地图编辑）(A100865),"[667, 1000]",萧山区,本科,"[3.0, 5.0]"
杭州,Python 开发工程师,"[367, 733]",余杭区,大专,"[1.0, 3.0]"
杭州,python高级开发工程师,"[500, 600]",临安区,本科,"[3.0, 5.0]"
杭州,python工程师,"[400, 500]",上城区,本科,"[1.0, 3.0]"
杭州,Python,"[500, 833]",滨江区,本科,"[0, 0]"
杭州,初级python工程师,"[200, 333]",西湖区,本科,"[0, 1.0]"
杭州,python,"[333, 467]",钱塘区,大专,"[3.0, 5.0]"
杭州,Python工程师,"[500, 667]",萧山区,本科,"[0, 1.0]"
杭州,python开发工程师,"[267, 433]",余杭区,本科,"[0, 0]"
杭州,高级python开发工程师,"[333, 500]",余杭区,本科,"[3.0, 5.0]"
杭州,杭州+python+高薪+五险一金+接受转行无经验,"[500, 1000]",滨江区,本科,"[0, 0]"
杭州,Python,"[667, 1000]",余杭区,硕士,"[0, 0]"
杭州,python,"[467, 933]",滨江区,学历不限,"[0, 0]"
杭州,python高级开发工程师,"[240, 300]",萧山区,学历不限,"[0, 0]"
杭州,python工程师,"[333, 500]",余杭区,本科,"[1.0, 3.0]"
杭州,Python,"[333, 367]",余杭区,本科,"[1.0, 3.0]"
杭州,python工程师,"[833, 1667]",萧山区,本科,"[5.0, 10.0]"
杭州,python开发工程师，接受应届,"[500, 1000]",滨江区,本科,"[0, 0]"
杭州,python开发,"[333, 500]",拱墅区,学历不限,"[1.0, 3.0]"
杭州,Python开发工程师,"[667, 1000]",余杭区,本科,"[3.0, 5.0]"
杭州,Python程序员,"[333, 367]",萧山区,本科,"[1.0, 3.0]"
杭州,Python,"[267, 433]",滨江区,大专,"[1.0, 3.0]"
杭州,python全栈开发工程师,"[333, 500]",滨江区,学历不限,"[3.0, 5.0]"
杭州,Python,"[333, 500]",上城区,本科,"[1.0, 3.0]"
杭州,python工程师,"[500, 833]",西湖区,本科,"[3.0, 5.0]"
杭州,Python 开发工程师,"[267, 333]",拱墅区,本科,"[1.0, 3.0]"
杭州,Python工程师,"[233, 400]",钱塘区,本科,"[0, 0]"
杭州,Python,"[833, 1500]",滨江区,本科,"[0, 0]"
杭州,Python,"[400, 667]",钱塘区,本科,"[1.0, 3.0]"
杭州,python开发工程师,"[567, 1000]",西湖区,本科,"[5.0, 10.0]"
杭州,Python,"[200, 367]",拱墅区,大专,"[0, 0]"
杭州,python,"[500, 1000]",滨江区,本科,"[0, 0]"
杭州,python开发工程师,"[433, 667]",萧山区,本科,"[5.0, 10.0]"
杭州,python开发工程师,"[833, 1333]",滨江区,本科,"[3.0, 5.0]"
杭州,python开发工程师,"[500, 833]",滨江区,本科,"[1.0, 3.0]"
杭州,Python,"[600, 833]",西湖区,本科,"[1.0, 3.0]"
杭州,高级python后端开发工程师,"[400, 667]",上城区,本科,"[3.0, 5.0]"
杭州,树莓派python开发,"[500, 833]",钱塘区,本科,"[3.0, 5.0]"
杭州,高级python开发工程师Flask工程师,"[667, 700]",余杭区,本科,"[3.0, 5.0]"
杭州,ai开发工程师（Python）,"[667, 1333]",余杭区,本科,"[5.0, 10.0]"
杭州,Python,"[333, 500]",西湖区,大专,"[1.0, 3.0]"
杭州,Python,"[267, 400]",西湖区,本科,"[1.0, 3.0]"
杭州,python开发工程师,"[500, 1000]",余杭区,本科,"[1.0, 3.0]"
杭州,python开发工程师,"[400, 800]",余杭区,本科,"[1.0, 3.0]"
杭州,Python初级开发,"[267, 433]",滨江区,本科,"[0, 0]"
杭州,python高级开发工程师,"[433, 833]",余杭区,本科,"[3.0, 5.0]"
杭州,Python工程师,"[433, 733]",上城区,本科,"[3.0, 5.0]"
杭州,Python工程师-兼职,"[200, 333]",余杭区,本科,"[1.0, 3.0]"
杭州,中级python开发工程师,"[367, 567]",余杭区,本科,"[3.0, 5.0]"
杭州,云服务器开发（python)(J10054),"[300, 467]",滨江区,本科,"[1.0, 3.0]"
杭州,python开发,"[333, 400]",滨江区,本科,"[1.0, 3.0]"
杭州,python开发工程师,"[467, 733]",滨江区,本科,"[3.0, 5.0]"
杭州,python高级开发工程师,"[400, 667]",西湖区,本科,"[5.0, 10.0]"
杭州,Python后端开发工程师,"[267, 333]",余杭区,本科,"[0, 0]"
杭州,Python后端实习生,"[67, 100]",萧山区,大专,"[0, 0]"
杭州,Python,"[500, 833]",余杭区,本科,"[3.0, 5.0]"
杭州,python上位机开发工程师,"[500, 667]",余杭区,本科,"[1.0, 3.0]"
杭州,Python开发工程师,"[400, 433]",滨江区,本科,"[1.0, 3.0]"
杭州,Python Web 初级工程师,"[233, 333]",拱墅区,本科,"[0, 0]"
杭州,Python开发工程师,"[300, 400]",滨江区,学历不限,"[3.0, 5.0]"
杭州,python数据处理工程师,"[267, 400]",滨江区,本科,"[3.0, 5.0]"
杭州,Python开发工程师,"[500, 1000]",西湖区,本科,"[0, 0]"
杭州,python开发,"[333, 500]",滨江区,本科,"[3.0, 5.0]"
杭州,Python开发工程师,"[367, 733]",西湖区,本科,"[0, 0]"
杭州,Python,"[467, 933]",滨江区,本科,"[0, 0]"
杭州,资深python工程师,"[567, 667]",钱塘区,大专,"[5.0, 10.0]"
杭州,python高级开发工程师,"[333, 500]",余杭区,本科,"[1.0, 3.0]"
杭州,Python 开发工程师—算法业务方向,"[500, 1000]",西湖区,本科,"[3.0, 5.0]"
杭州,python,"[200, 367]",西湖区,本科,"[1.0, 3.0]"
杭州,python开发工程师,"[100, 167]",钱塘区,大专,"[1.0, 3.0]"
杭州,Python讲师,"[167, 333]",临平区,大专,"[0, 0]"
杭州,python工程师,"[267, 433]",海宁市,本科,"[1.0, 3.0]"
杭州,python数据开发工程师,"[267, 433]",滨江区,本科,"[3.0, 5.0]"
杭州,python,"[233, 333]",西湖区,本科,"[0, 0]"
杭州,Python,"[500, 533]",余杭区,本科,"[1.0, 3.0]"
杭州,高级python开发工程师,"[667, 833]",余杭区,本科,"[5.0, 10.0]"
杭州,python开发工程师,"[267, 433]",滨江区,本科,"[1.0, 3.0]"
杭州,Python后端工程师,"[267, 533]",上城区,本科,"[1.0, 3.0]"
杭州,Python AI工程师,"[300, 400]",滨江区,本科,"[1.0, 3.0]"
杭州,后端python开发,"[600, 667]",拱墅区,本科,"[1.0, 3.0]"
杭州,Python,"[500, 1000]",滨江区,本科,"[0, 0]"
杭州,Python,"[333, 667]",萧山区,本科,"[3.0, 5.0]"
杭州,python web后端开发负责,"[500, 1000]",富阳区,大专,"[5.0, 10.0]"
杭州,Python教研员（海亮500强）,"[367, 500]",滨江区,本科,"[1.0, 3.0]"
杭州,Python开发工程师,"[667, 733]",上城区,本科,"[1.0, 3.0]"
杭州,python工程师,"[267, 400]",萧山区,本科,"[0, 0]"
杭州,Python,"[1000, 1667]",西湖区,硕士,"[1.0, 3.0]"
杭州,python开发,"[833, 1000]",余杭区,大专,"[5.0, 10.0]"
杭州,Python后端开发工程师,"[200, 300]",萧山区,本科,"[0, 0]"
杭州,Python,"[667, 1000]",滨江区,本科,"[3.0, 5.0]"
杭州,python工程师,"[500, 1000]",上城区,本科,"[3.0, 5.0]"
杭州,python高级开发工程师,"[667, 1333]",余杭区,学历不限,"[5.0, 10.0]"
杭州,Python工程师,"[500, 833]",余杭区,本科,"[3.0, 5.0]"
杭州,python,"[300, 467]",西湖区,大专,"[1.0, 3.0]"
杭州,python开发工程师,"[433, 767]",余杭区,本科,"[3.0, 5.0]"
杭州,python开发工程师,"[500, 833]",余杭区,本科,"[5.0, 10.0]"
杭州,python,"[267, 333]",拱墅区,大专,"[1.0, 3.0]"
杭州,python后端开发工程师,"[367, 600]",萧山区,本科,"[1.0, 3.0]"
杭州,python高级开发工程师,"[500, 667]",萧山区,本科,"[3.0, 5.0]"
杭州,python开发工程师,"[300, 467]",钱塘区,本科,"[0, 1.0]"
杭州,python工程师,"[333, 500]",上城区,本科,"[1.0, 3.0]"
杭州,python开发,"[267, 400]",萧山区,本科,"[3.0, 5.0]"
杭州,Python工程师,"[333, 500]",滨江区,本科,"[3.0, 5.0]"
杭州,Python,"[667, 1333]",西湖区,本科,"[3.0, 5.0]"
杭州,Python,"[400, 533]",余杭区,本科,"[0, 0]"
杭州,python开发工程师,"[400, 433]",滨江区,本科,"[1.0, 3.0]"
杭州,中级python开发工程师,"[333, 500]",西湖区,本科,"[3.0, 5.0]"
杭州,Python开发-杭州(J13055),"[433, 800]",滨江区,本科,"[3.0, 5.0]"
杭州,Python程序员,"[267, 400]",余杭区,本科,"[0, 0]"
杭州,云服务工程师(python),"[1667, 1833]",滨江区,本科,"[3.0, 5.0]"
杭州,python,"[333, 467]",滨江区,本科,"[1.0, 3.0]"
杭州,python开发,"[200, 333]",西湖区,本科,"[1.0, 3.0]"
